{"cameraMode":{"drawMode":0,"name":"Shaded","section":"Shading Mode"},"sceneLighting":true,"audioPlay":false,"sceneViewState":{"m_AlwaysRefresh":false,"showFog":true,"showSkybox":true,"showFlares":true,"showImageEffects":true,"showParticleSystems":true,"showVisualEffectGraphs":true,"m_FxEnabled":true},"in2DMode":false,"pivot":{"x":0.15423822402954102,"y":14.86290168762207,"z":-7.696759223937988},"rotation":{"x":0.5021904706954956,"y":0.09687274694442749,"z":-0.05672965943813324,"w":0.8574773073196411},"size":9.621484756469727,"orthographic":false}